{
  "AWSTemplateFormatVersion": "2010-09-09",
  "Description": "Create a role to authorize the VPC Peering request from a specific account, this is used to create the VPC Peer between different accounts in CloudFormation",
  "Parameters": {
    "RequesterAccountNumber" : {
      "Type"                  : "String",
      "Default"               : "1234567891011",
      "Description"           : "Number of the requester account",
      "AllowedPattern"        : "[0-9]*",
      "ConstraintDescription" : "Must be account number without dashes"
    }
  },
  "Resources": {
    "VPCPeeringAuthorizerRole" : {
      "Type": "AWS::IAM::Role",
      "Properties" : {
        "AssumeRolePolicyDocument": {
          "Statement": [
            {
            "Effect": "Allow",
              "Principal": {
                "AWS": {
                  "Fn::Join" : [
                    "",
                    [
                      "arn:aws:iam::",
                      { "Ref" : "RequesterAccountNumber" },
                      ":root"
                    ]
                  ]
                }
              },
              "Action": "sts:AssumeRole"
            }
          ]
        },
        "Policies" : [
          {
            "PolicyName" : "VPCAuthorizer",
            "PolicyDocument" : {
              "Statement" : 
              [
                {
                  "Effect" : "Allow",
                  "Action" : ["ec2:AcceptVpcPeeringConnection"],
                  "Resource" : ["*"]
                }
              ]
            }
          }
        ]
      }
    }
  },
  "Outputs":{
    "RoleName" : {
      "Description": "Cross Account Role Name",
      "Value" : { "Ref" : "VPCPeeringAuthorizerRole" }
    }
  }
}
